{"database":{"rules":"database.rules.json"},"storage":{"rules":"storage.rules"},"flutter":{"platforms":{"android":{"default":{"projectId":"camera-e454d","appId":"1:629360479250:android:af4f105484b515388a9ccb","fileOutput":"android/app/google-services.json"}},"dart":{"lib/firebase_options.dart":{"projectId":"camera-e454d","configurations":{"android":"1:629360479250:android:af4f105484b515388a9ccb","ios":"1:629360479250:ios:ed238ba4be6605ea8a9ccb","macos":"1:629360479250:ios:ed238ba4be6605ea8a9ccb","web":"1:629360479250:web:f5e78438eb5d9ebf8a9ccb","windows":"1:629360479250:web:b36553e2c3691f738a9ccb"}}}}}}